0,em_bg_def,LUA_MENU_CALLING_CARD_CAPS,0,0,0,0,general,,,0,0,0,,0,,
1,em_bg_000,LUA_MENU_CALLING_CARD_CAPS,0,0,0,0,general,,,0,0,0,,0,,
2,em_bg_001,LUA_MENU_CALLING_CARD_CAPS,0,0,0,0,general,,,0,0,0,,0,,
3,em_bg_002,LUA_MENU_CALLING_CARD_CAPS,0,0,0,0,general,,,0,0,0,,0,,
4,em_bg_003,LUA_MENU_CALLING_CARD_CAPS,0,0,0,0,general,,,0,0,0,,0,,
5,em_bg_004,LUA_MENU_CALLING_CARD_CAPS,0,0,0,0,general,,,0,0,0,,0,,
6,em_bg_005,LUA_MENU_CALLING_CARD_CAPS,0,0,0,0,general,,,0,0,0,,0,,
7,em_bg_006,LUA_MENU_CALLING_CARD_CAPS,0,0,0,0,general,,,0,0,0,,0,,
8,em_bg_007,LUA_MENU_CALLING_CARD_CAPS,0,68,1,0,general,,,0,0,0,,0,,
9,em_bg_009,LUA_MENU_CALLING_CARD_CAPS,0,0,0,0,general,,,0,0,0,,0,,
10,em_bg_008,LUA_MENU_CALLING_CARD_CAPS,0,0,0,0,general,,,0,0,0,,0,,
11,em_bg_352,LUA_MENU_CALLING_CARD_CAPS,0,0,0,0,general,,,0,0,0,,0,,
12,em_bg_353,LUA_MENU_CALLING_CARD_CAPS,0,0,0,0,general,,,0,0,0,,0,,
13,em_bg_354,LUA_MENU_CALLING_CARD_CAPS,0,0,0,0,general,,,0,0,0,,0,,
14,em_bg_355,LUA_MENU_CALLING_CARD_CAPS,0,0,0,0,general,,,0,0,0,,0,,
15,em_bg_010,LUA_MENU_CALLING_CARD_CAPS,0,0,0,0,general,,,0,0,0,,0,,
16,em_bg_011,LUA_MENU_CALLING_CARD_CAPS,0,0,0,0,general,,,0,0,0,,0,,
17,em_bg_012,LUA_MENU_CALLING_CARD_CAPS,0,0,0,0,general,,,0,0,0,,0,,
18,em_bg_013,LUA_MENU_CALLING_CARD_CAPS,0,0,0,0,general,,,0,0,0,,0,,
19,em_bg_014,LUA_MENU_CALLING_CARD_CAPS,0,0,0,0,general,,,0,0,0,,0,,
20,em_bg_015,LUA_MENU_CALLING_CARD_CAPS,0,0,0,0,general,,,0,0,0,,0,,
21,em_bg_016,LUA_MENU_CALLING_CARD_CAPS,0,0,0,0,general,,,0,0,0,,0,,
22,em_bg_017,LUA_MENU_CALLING_CARD_CAPS,0,0,0,0,general,,,0,0,0,,0,,
23,em_bg_018,LUA_MENU_CALLING_CARD_CAPS,0,0,0,0,general,,,0,0,0,,0,,
24,em_bg_019,LUA_MENU_CALLING_CARD_CAPS,0,0,0,0,general,,,0,0,0,,0,,
25,em_bg_020,LUA_MENU_CALLING_CARD_CAPS,0,0,0,0,general,,,0,0,0,,0,,
26,em_bg_021,LUA_MENU_CALLING_CARD_CAPS,0,0,0,0,general,,,0,0,0,,0,,
27,em_bg_022,LUA_MENU_CALLING_CARD_CAPS,0,0,0,0,general,,,0,0,0,,0,,
28,em_bg_023,LUA_MENU_CALLING_CARD_CAPS,0,0,0,0,general,,,0,0,0,,0,,
29,em_bg_024,LUA_MENU_CALLING_CARD_CAPS,0,0,0,0,general,,,0,0,0,,0,,
30,em_bg_025,LUA_MENU_CALLING_CARD_CAPS,0,0,0,0,general,,,0,0,0,,0,,
31,em_bg_026,LUA_MENU_CALLING_CARD_CAPS,0,0,0,0,general,,,0,0,0,,0,,
32,em_bg_027,LUA_MENU_CALLING_CARD_CAPS,0,0,0,0,general,,,0,0,0,,0,,
33,em_bg_028,LUA_MENU_CALLING_CARD_CAPS,0,0,0,0,general,,,0,0,0,,0,,
34,em_bg_029,LUA_MENU_CALLING_CARD_CAPS,0,0,0,0,general,,,0,0,0,,0,,
35,em_bg_030,LUA_MENU_CALLING_CARD_CAPS,0,1,4,0,general,,,0,0,0,,0,,
36,em_bg_031,LUA_MENU_CALLING_CARD_CAPS,0,0,0,0,general,,,0,0,0,,0,,
37,em_bg_032,LUA_MENU_CALLING_CARD_CAPS,0,0,0,0,general,,,0,0,0,,0,,
38,em_bg_033,LUA_MENU_CALLING_CARD_CAPS,0,0,0,0,general,,,0,0,0,,0,,
39,em_bg_034,LUA_MENU_CALLING_CARD_CAPS,0,0,0,0,general,,,0,0,0,,0,,
40,em_bg_035,LUA_MENU_CALLING_CARD_CAPS,0,0,0,0,general,,,0,0,0,,0,,
41,em_bg_036,LUA_MENU_CALLING_CARD_CAPS,0,0,0,0,general,,,0,0,0,,0,,
42,em_bg_037,LUA_MENU_CALLING_CARD_CAPS,0,0,0,0,general,,,0,0,0,,0,,
43,em_bg_038,LUA_MENU_CALLING_CARD_CAPS,0,0,0,0,general,,,0,0,0,,0,,
44,em_bg_039,LUA_MENU_CALLING_CARD_CAPS,0,0,0,0,general,,,0,0,0,,0,,
45,em_bg_040,LUA_MENU_CALLING_CARD_CAPS,0,0,0,0,general,,,0,0,0,,0,,
46,em_bg_041,LUA_MENU_CALLING_CARD_CAPS,0,0,0,0,general,,,0,0,0,,0,,
47,em_bg_042,LUA_MENU_CALLING_CARD_CAPS,0,0,0,0,general,,,0,0,0,,0,,
48,em_bg_043,LUA_MENU_CALLING_CARD_CAPS,0,0,0,0,general,,,0,0,0,,0,,
49,em_bg_044,LUA_MENU_CALLING_CARD_CAPS,0,0,0,0,general,,,0,0,0,,0,,
50,em_bg_045,LUA_MENU_CALLING_CARD_CAPS,0,0,0,0,general,,,0,0,0,,0,,
51,em_bg_046,LUA_MENU_CALLING_CARD_CAPS,0,0,0,0,general,,,0,0,0,,0,,
52,em_bg_047,LUA_MENU_CALLING_CARD_CAPS,0,0,0,0,general,,,0,0,0,,0,,
53,em_bg_048,LUA_MENU_CALLING_CARD_CAPS,0,0,0,0,general,,,0,0,0,,0,,
54,em_bg_049,LUA_MENU_CALLING_CARD_CAPS,0,0,0,0,general,,,0,0,0,,0,,
55,em_bg_050,LUA_MENU_CALLING_CARD_CAPS,0,0,0,0,general,,,0,0,0,,0,,
56,em_bg_051,LUA_MENU_CALLING_CARD_CAPS,0,0,0,0,general,,,0,0,0,,0,,
57,em_bg_052,LUA_MENU_CALLING_CARD_CAPS,0,0,0,0,general,,,0,0,0,,0,,
58,em_bg_053,LUA_MENU_CALLING_CARD_CAPS,0,0,0,0,general,,,0,0,0,,0,,
59,em_bg_054,LUA_MENU_CALLING_CARD_CAPS,0,0,0,0,general,,,0,0,0,,0,,
60,em_bg_055,LUA_MENU_CALLING_CARD_CAPS,0,24,1,0,bootcamp,,,0,0,0,,0,,
61,em_bg_056,LUA_MENU_CALLING_CARD_CAPS,0,0,0,0,bootcamp,,,0,0,0,,0,,
62,em_bg_057,LUA_MENU_CALLING_CARD_CAPS,0,0,0,0,bootcamp,,,0,0,0,,0,,
63,em_bg_058,LUA_MENU_CALLING_CARD_CAPS,0,0,0,0,bootcamp,,,0,0,0,,0,,
64,em_bg_059,LUA_MENU_CALLING_CARD_CAPS,0,0,0,0,bootcamp,,,0,0,0,,0,,
65,em_bg_060,LUA_MENU_CALLING_CARD_CAPS,0,0,0,0,bootcamp,,,0,0,0,,0,,
66,em_bg_061,LUA_MENU_CALLING_CARD_CAPS,0,0,0,0,bootcamp,,,0,0,0,,0,,
67,em_bg_062,LUA_MENU_CALLING_CARD_CAPS,0,0,0,0,bootcamp,,,0,0,0,,0,,
68,em_bg_063,LUA_MENU_CALLING_CARD_CAPS,0,0,0,0,bootcamp,,,0,0,0,,0,,
69,em_bg_064,LUA_MENU_CALLING_CARD_CAPS,0,0,0,0,bootcamp,,,0,0,0,,0,,
70,em_bg_065,LUA_MENU_CALLING_CARD_CAPS,0,0,0,0,bootcamp,,,0,0,0,,0,,
71,em_bg_066,LUA_MENU_CALLING_CARD_CAPS,0,0,0,0,bootcamp,,,0,0,0,,0,,
72,em_bg_067,LUA_MENU_CALLING_CARD_CAPS,0,0,0,0,bootcamp,,,0,0,0,,0,,
73,em_bg_068,LUA_MENU_CALLING_CARD_CAPS,0,0,0,0,bootcamp,,,0,0,0,,0,,
74,em_bg_069,LUA_MENU_CALLING_CARD_CAPS,0,0,0,0,bootcamp,,,0,0,0,,0,,
75,em_bg_070,LUA_MENU_CALLING_CARD_CAPS,0,0,0,0,bootcamp,,,0,0,0,,0,,
76,em_bg_071,LUA_MENU_CALLING_CARD_CAPS,0,0,0,0,bootcamp,,,0,0,0,,0,,
77,em_bg_072,LUA_MENU_CALLING_CARD_CAPS,0,0,0,0,bootcamp,,,0,0,0,,0,,
78,em_bg_073,LUA_MENU_CALLING_CARD_CAPS,0,0,0,0,bootcamp,,,0,0,0,,0,,
79,em_bg_074,LUA_MENU_CALLING_CARD_CAPS,0,0,0,0,bootcamp,,,0,0,0,,0,,
80,em_bg_075,LUA_MENU_CALLING_CARD_CAPS,0,0,0,0,bootcamp,,,0,0,0,,0,,
81,em_bg_076,LUA_MENU_CALLING_CARD_CAPS,0,0,0,0,bootcamp,,,0,0,0,,0,,
82,em_bg_077,LUA_MENU_CALLING_CARD_CAPS,0,0,0,0,bootcamp,,,0,0,0,,0,,
83,em_bg_078,LUA_MENU_CALLING_CARD_CAPS,0,0,0,0,bootcamp,,,0,0,0,,0,,
84,em_bg_079,LUA_MENU_CALLING_CARD_CAPS,0,0,0,0,bootcamp,,,0,0,0,,0,,
85,em_bg_080,LUA_MENU_CALLING_CARD_CAPS,0,0,0,0,bootcamp,,,0,0,0,,0,,
86,em_bg_081,LUA_MENU_CALLING_CARD_CAPS,0,0,0,0,bootcamp,,,0,0,0,,0,,
87,em_bg_082,LUA_MENU_CALLING_CARD_CAPS,0,0,0,0,bootcamp,,,0,0,0,,0,,
88,em_bg_083,LUA_MENU_CALLING_CARD_CAPS,0,0,0,0,bootcamp,,,0,0,0,,0,,
89,em_bg_084,LUA_MENU_CALLING_CARD_CAPS,0,0,0,0,bootcamp,,,0,0,0,,0,,
90,em_bg_085,LUA_MENU_CALLING_CARD_CAPS,0,0,0,0,bootcamp,,,0,0,0,,0,,
91,em_bg_086,LUA_MENU_CALLING_CARD_CAPS,0,0,0,0,bootcamp,,,0,0,0,,0,,
92,em_bg_087,LUA_MENU_CALLING_CARD_CAPS,0,0,0,0,bootcamp,,,0,0,0,,0,,
93,em_bg_088,LUA_MENU_CALLING_CARD_CAPS,0,0,0,0,bootcamp,,,0,0,0,,0,,
94,em_bg_089,LUA_MENU_CALLING_CARD_CAPS,0,0,0,0,bootcamp,,,0,0,0,,0,,
95,em_bg_090,LUA_MENU_CALLING_CARD_CAPS,0,0,0,0,bootcamp,,,0,0,0,,0,,
96,em_bg_091,LUA_MENU_CALLING_CARD_CAPS,0,0,0,0,bootcamp,,,0,0,0,,0,,
97,em_bg_092,LUA_MENU_CALLING_CARD_CAPS,0,0,0,0,bootcamp,,,0,0,0,,0,,
98,em_bg_093,LUA_MENU_CALLING_CARD_CAPS,0,0,0,0,bootcamp,,,0,0,0,,0,,
99,em_bg_094,LUA_MENU_CALLING_CARD_CAPS,0,0,0,0,bootcamp,,,0,0,0,,0,,
100,em_bg_095,LUA_MENU_CALLING_CARD_CAPS,0,0,0,0,bootcamp,,,0,0,0,,0,,
101,em_bg_096,LUA_MENU_CALLING_CARD_CAPS,0,0,0,0,bootcamp,,,0,0,0,,0,,
102,em_bg_097,LUA_MENU_CALLING_CARD_CAPS,0,0,0,0,bootcamp,,,0,0,0,,0,,
103,em_bg_098,LUA_MENU_CALLING_CARD_CAPS,0,0,0,0,bootcamp,,,0,0,0,,0,,
104,em_bg_099,LUA_MENU_CALLING_CARD_CAPS,0,0,0,0,bootcamp,,,0,0,0,,0,,
105,em_bg_100,LUA_MENU_CALLING_CARD_CAPS,0,0,0,0,bootcamp,,,0,0,0,,0,,
106,em_bg_101,LUA_MENU_CALLING_CARD_CAPS,0,0,0,0,bootcamp,,,0,0,0,,0,,
107,em_bg_102,LUA_MENU_CALLING_CARD_CAPS,0,0,0,0,bootcamp,,,0,0,0,,0,,
108,em_bg_103,LUA_MENU_CALLING_CARD_CAPS,0,0,0,0,bootcamp,,,0,0,0,,0,,
109,em_bg_104,LUA_MENU_CALLING_CARD_CAPS,0,0,0,0,bootcamp,,,0,0,0,,0,,
110,em_bg_105,LUA_MENU_CALLING_CARD_CAPS,0,0,0,0,bootcamp,,,0,0,0,,0,,
111,em_bg_106,LUA_MENU_CALLING_CARD_CAPS,0,0,0,0,bootcamp,,,0,0,0,,0,,
112,em_bg_107,LUA_MENU_CALLING_CARD_CAPS,0,0,0,0,bootcamp,,,0,0,0,,0,,
113,em_bg_108,LUA_MENU_CALLING_CARD_CAPS,0,0,0,0,bootcamp,,,0,0,0,,0,,
114,em_bg_109,LUA_MENU_CALLING_CARD_CAPS,0,0,0,0,bootcamp,,,0,0,0,,0,,
115,em_bg_110,LUA_MENU_CALLING_CARD_CAPS,0,0,0,0,bootcamp,,,0,0,0,,0,,
116,em_bg_111,LUA_MENU_CALLING_CARD_CAPS,0,0,0,0,bootcamp,,,0,0,0,,0,,
117,em_bg_112,LUA_MENU_CALLING_CARD_CAPS,0,0,0,0,bootcamp,,,0,0,0,,0,,
118,em_bg_113,LUA_MENU_CALLING_CARD_CAPS,0,0,0,0,bootcamp,,,0,0,0,,0,,
119,em_bg_114,LUA_MENU_CALLING_CARD_CAPS,0,0,0,0,bootcamp,,,0,0,0,,0,,
120,em_bg_115,LUA_MENU_CALLING_CARD_CAPS,0,0,0,0,bootcamp,,,0,0,0,,0,,
121,em_bg_116,LUA_MENU_CALLING_CARD_CAPS,0,0,0,0,bootcamp,,,0,0,0,,0,,
122,em_bg_117,LUA_MENU_CALLING_CARD_CAPS,0,0,0,0,bootcamp,,,0,0,0,,0,,
123,em_bg_118,LUA_MENU_CALLING_CARD_CAPS,0,0,0,0,gamemodes,,,0,0,0,,0,,
124,em_bg_119,LUA_MENU_CALLING_CARD_CAPS,0,0,0,0,gamemodes,,,0,0,0,,0,,
125,em_bg_120,LUA_MENU_CALLING_CARD_CAPS,0,0,0,0,gamemodes,,,0,0,0,,0,,
126,em_bg_121,LUA_MENU_CALLING_CARD_CAPS,0,0,0,0,gamemodes,,,0,0,0,,0,,
127,em_bg_122,LUA_MENU_CALLING_CARD_CAPS,0,0,0,0,gamemodes,,,0,0,0,,0,,
128,em_bg_123,LUA_MENU_CALLING_CARD_CAPS,0,0,0,0,gamemodes,,,0,0,0,,0,,
129,em_bg_124,LUA_MENU_CALLING_CARD_CAPS,0,0,0,0,gamemodes,,,0,0,0,,0,,
130,em_bg_125,LUA_MENU_CALLING_CARD_CAPS,0,0,0,0,gamemodes,,,0,0,0,,0,,
131,em_bg_126,LUA_MENU_CALLING_CARD_CAPS,0,0,0,0,gamemodes,,,0,0,0,,0,,
132,em_bg_127,LUA_MENU_CALLING_CARD_CAPS,0,0,0,0,gamemodes,,,0,0,0,,0,,
133,em_bg_128,LUA_MENU_CALLING_CARD_CAPS,0,0,0,0,gamemodes,,,0,0,0,,0,,
134,em_bg_129,LUA_MENU_CALLING_CARD_CAPS,0,0,0,0,gamemodes,,,0,0,0,,0,,
135,em_bg_130,LUA_MENU_CALLING_CARD_CAPS,0,0,0,0,gamemodes,,,0,0,0,,0,,
136,em_bg_131,LUA_MENU_CALLING_CARD_CAPS,0,0,0,0,gamemodes,,,0,0,0,,0,,
137,em_bg_132,LUA_MENU_CALLING_CARD_CAPS,0,0,0,0,gamemodes,,,0,0,0,,0,,
138,em_bg_133,LUA_MENU_CALLING_CARD_CAPS,0,0,0,0,gamemodes,,,0,0,0,,0,,
139,em_bg_134,LUA_MENU_CALLING_CARD_CAPS,0,0,0,0,gamemodes,,,0,0,0,,0,,
140,em_bg_135,LUA_MENU_CALLING_CARD_CAPS,0,0,0,0,gamemodes,,,0,0,0,,0,,
141,em_bg_136,LUA_MENU_CALLING_CARD_CAPS,0,0,0,0,gamemodes,,,0,0,0,,0,,
142,em_bg_137,LUA_MENU_CALLING_CARD_CAPS,0,0,0,0,gamemodes,,,0,0,0,,0,,
143,em_bg_138,LUA_MENU_CALLING_CARD_CAPS,0,0,0,0,gamemodes,,,0,0,0,,0,,
144,em_bg_139,LUA_MENU_CALLING_CARD_CAPS,0,0,0,0,gamemodes,,,0,0,0,,0,,
145,em_bg_140,LUA_MENU_CALLING_CARD_CAPS,0,0,0,0,gamemodes,,,0,0,0,,0,,
146,em_bg_141,LUA_MENU_CALLING_CARD_CAPS,0,0,0,0,gamemodes,,,0,0,0,,0,,
147,em_bg_142,LUA_MENU_CALLING_CARD_CAPS,0,0,0,0,gamemodes,,,0,0,0,,0,,
148,em_bg_143,LUA_MENU_CALLING_CARD_CAPS,0,0,0,0,gamemodes,,,0,0,0,,0,,
149,em_bg_144,LUA_MENU_CALLING_CARD_CAPS,0,0,0,0,gamemodes,,,0,0,0,,0,,
150,em_bg_145,LUA_MENU_CALLING_CARD_CAPS,0,0,0,0,gamemodes,,,0,0,0,,0,,
151,em_bg_146,LUA_MENU_CALLING_CARD_CAPS,0,0,0,0,gamemodes,,,0,0,0,,0,,
152,em_bg_147,LUA_MENU_CALLING_CARD_CAPS,0,0,0,0,gamemodes,,,0,0,0,,0,,
153,em_bg_148,LUA_MENU_CALLING_CARD_CAPS,0,0,0,0,gamemodes,,,0,0,0,,0,,
154,em_bg_149,LUA_MENU_CALLING_CARD_CAPS,0,0,0,0,gamemodes,,,0,0,0,,0,,
155,em_bg_150,LUA_MENU_CALLING_CARD_CAPS,0,0,0,0,gamemodes,,,0,0,0,,0,,
156,em_bg_151,LUA_MENU_CALLING_CARD_CAPS,0,0,0,0,gamemodes,,,0,0,0,,0,,
157,em_bg_152,LUA_MENU_CALLING_CARD_CAPS,0,0,0,0,gamemodes,,,0,0,0,,0,,
158,em_bg_153,LUA_MENU_CALLING_CARD_CAPS,0,0,0,0,gamemodes,,,0,0,0,,0,,
159,em_bg_154,LUA_MENU_CALLING_CARD_CAPS,0,0,0,0,gamemodes,,,0,0,0,,0,,
160,em_bg_155,LUA_MENU_CALLING_CARD_CAPS,0,0,0,0,gamemodes,,,0,0,0,,0,,
161,em_bg_156,LUA_MENU_CALLING_CARD_CAPS,0,0,0,0,gamemodes,,,0,0,0,,0,,
162,em_bg_157,LUA_MENU_CALLING_CARD_CAPS,0,0,0,0,gamemodes,,,0,0,0,,0,,
163,em_bg_158,LUA_MENU_CALLING_CARD_CAPS,0,0,0,0,gamemodes,,,0,0,0,,0,,
164,em_bg_159,LUA_MENU_CALLING_CARD_CAPS,0,0,0,0,gamemodes,,,0,0,0,,0,,
165,em_bg_160,LUA_MENU_CALLING_CARD_CAPS,0,0,0,0,gamemodes,,,0,0,0,,0,,
166,em_bg_161,LUA_MENU_CALLING_CARD_CAPS,0,0,0,0,gamemodes,,,0,0,0,,0,,
167,em_bg_162,LUA_MENU_CALLING_CARD_CAPS,0,0,0,0,gamemodes,,,0,0,0,,0,,
168,em_bg_163,LUA_MENU_CALLING_CARD_CAPS,0,0,0,0,gamemodes,,,0,0,0,,0,,
169,em_bg_164,LUA_MENU_CALLING_CARD_CAPS,0,0,0,0,gamemodes,,,0,0,0,,0,,
170,em_bg_165,LUA_MENU_CALLING_CARD_CAPS,0,0,0,0,gamemodes,,,0,0,0,,0,,
171,em_bg_166,LUA_MENU_CALLING_CARD_CAPS,0,0,0,0,gamemodes,,,0,0,0,,0,,
172,em_bg_167,LUA_MENU_CALLING_CARD_CAPS,0,0,0,0,gamemodes,,,0,0,0,,0,,
173,em_bg_168,LUA_MENU_CALLING_CARD_CAPS,0,0,0,0,gamemodes,,,0,0,0,,0,,
174,em_bg_169,LUA_MENU_CALLING_CARD_CAPS,0,0,0,0,gamemodes,,,0,0,0,,0,,
175,em_bg_170,LUA_MENU_CALLING_CARD_CAPS,0,0,0,0,gamemodes,,,0,0,0,,0,,
176,em_bg_171,LUA_MENU_CALLING_CARD_CAPS,0,0,0,0,gamemodes,,,0,0,0,,0,,
177,em_bg_172,LUA_MENU_CALLING_CARD_CAPS,0,0,0,0,gamemodes,,,0,0,0,,0,,
178,em_bg_173,LUA_MENU_CALLING_CARD_CAPS,0,0,0,0,gamemodes,,,0,0,0,,0,,
179,em_bg_174,LUA_MENU_CALLING_CARD_CAPS,0,0,0,0,gamemodes,,,0,0,0,,0,,
180,em_bg_175,LUA_MENU_CALLING_CARD_CAPS,0,0,0,0,gamemodes,,,0,0,0,,0,,
181,em_bg_176,LUA_MENU_CALLING_CARD_CAPS,0,0,0,0,gamemodes,,,0,0,0,,0,,
182,em_bg_177,LUA_MENU_CALLING_CARD_CAPS,0,0,0,0,gamemodes,,,0,0,0,,0,,
183,em_bg_178,LUA_MENU_CALLING_CARD_CAPS,0,0,0,0,killer,,,0,0,0,,0,,
184,em_bg_179,LUA_MENU_CALLING_CARD_CAPS,0,0,0,0,killer,,,0,0,0,,0,,
185,em_bg_180,LUA_MENU_CALLING_CARD_CAPS,0,0,0,0,killer,,,0,0,0,,0,,
186,em_bg_181,LUA_MENU_CALLING_CARD_CAPS,0,0,0,0,killer,,,0,0,0,,0,,
187,em_bg_182,LUA_MENU_CALLING_CARD_CAPS,0,0,0,0,killer,,,0,0,0,,0,,
188,em_bg_183,LUA_MENU_CALLING_CARD_CAPS,0,0,0,0,killer,,,0,0,0,,0,,
189,em_bg_184,LUA_MENU_CALLING_CARD_CAPS,0,0,0,0,killer,,,0,0,0,,0,,
190,em_bg_185,LUA_MENU_CALLING_CARD_CAPS,0,0,0,0,killer,,,0,0,0,,0,,
191,em_bg_186,LUA_MENU_CALLING_CARD_CAPS,0,1,6,0,killer,,,0,0,0,,0,,
192,em_bg_187,LUA_MENU_CALLING_CARD_CAPS,0,0,0,0,killer,,,0,0,0,,0,,
193,em_bg_188,LUA_MENU_CALLING_CARD_CAPS,0,0,0,0,killer,,,0,0,0,,0,,
194,em_bg_189,LUA_MENU_CALLING_CARD_CAPS,0,0,0,0,killer,,,0,0,0,,0,,
195,em_bg_190,LUA_MENU_CALLING_CARD_CAPS,0,0,0,0,killer,,,0,0,0,,0,,
196,em_bg_191,LUA_MENU_CALLING_CARD_CAPS,0,0,0,0,killer,,,0,0,0,,0,,
197,em_bg_192,LUA_MENU_CALLING_CARD_CAPS,0,0,0,0,killer,,,0,0,0,,0,,
198,em_bg_193,LUA_MENU_CALLING_CARD_CAPS,0,0,0,0,killer,,,0,0,0,,0,,
199,em_bg_194,LUA_MENU_CALLING_CARD_CAPS,0,0,0,0,killer,,,0,0,0,,0,,
200,em_bg_195,LUA_MENU_CALLING_CARD_CAPS,0,0,0,0,killer,,,0,0,0,,0,,
201,em_bg_196,LUA_MENU_CALLING_CARD_CAPS,0,0,0,0,killer,,,0,0,0,,0,,
202,em_bg_197,LUA_MENU_CALLING_CARD_CAPS,0,0,0,0,killer,,,0,0,0,,0,,
203,em_bg_198,LUA_MENU_CALLING_CARD_CAPS,0,0,0,0,killer,,,0,0,0,,0,,
204,em_bg_199,LUA_MENU_CALLING_CARD_CAPS,0,0,0,0,killer,,,0,0,0,,0,,
205,em_bg_200,LUA_MENU_CALLING_CARD_CAPS,0,0,0,0,killer,,,0,0,0,,0,,
206,em_bg_201,LUA_MENU_CALLING_CARD_CAPS,0,0,0,0,killer,,,0,0,0,,0,,
207,em_bg_202,LUA_MENU_CALLING_CARD_CAPS,0,0,0,0,killer,,,0,0,0,,0,,
208,em_bg_203,LUA_MENU_CALLING_CARD_CAPS,0,0,0,0,killer,,,0,0,0,,0,,
209,em_bg_204,LUA_MENU_CALLING_CARD_CAPS,0,0,0,0,killer,,,0,0,0,,0,,
210,em_bg_205,LUA_MENU_CALLING_CARD_CAPS,0,0,0,0,killer,,,0,0,0,,0,,
211,em_bg_206,LUA_MENU_CALLING_CARD_CAPS,0,0,0,0,killer,,,0,0,0,,0,,
212,em_bg_207,LUA_MENU_CALLING_CARD_CAPS,0,0,0,0,killer,,,0,0,0,,0,,
213,em_bg_208,LUA_MENU_CALLING_CARD_CAPS,0,0,0,0,killer,,,0,0,0,,0,,
214,em_bg_209,LUA_MENU_CALLING_CARD_CAPS,0,0,0,0,killer,,,0,0,0,,0,,
215,em_bg_210,LUA_MENU_CALLING_CARD_CAPS,0,0,0,0,killer,,,0,0,0,,0,,
216,em_bg_211,LUA_MENU_CALLING_CARD_CAPS,0,0,0,0,killer,,,0,0,0,,0,,
217,em_bg_212,LUA_MENU_CALLING_CARD_CAPS,0,0,0,0,killer,,,0,0,0,,0,,
218,em_bg_213,LUA_MENU_CALLING_CARD_CAPS,0,30,7,0,killer,,,0,0,0,,0,,
219,em_bg_214,LUA_MENU_CALLING_CARD_CAPS,0,0,0,0,killer,,,0,0,0,,0,,
220,em_bg_215,LUA_MENU_CALLING_CARD_CAPS,0,0,0,0,killer,,,0,0,0,,0,,
221,em_bg_216,LUA_MENU_CALLING_CARD_CAPS,0,0,0,0,killer,,,0,0,0,,0,,
222,em_bg_217,LUA_MENU_CALLING_CARD_CAPS,0,0,0,0,killer,,,0,0,0,,0,,
223,em_bg_218,LUA_MENU_CALLING_CARD_CAPS,0,0,0,0,killer,,,0,0,0,,0,,
224,em_bg_219,LUA_MENU_CALLING_CARD_CAPS,0,0,0,0,killer,,,0,0,0,,0,,
225,em_bg_220,LUA_MENU_CALLING_CARD_CAPS,0,0,0,0,killer,,,0,0,0,,0,,
226,em_bg_221,LUA_MENU_CALLING_CARD_CAPS,0,54,1,0,killer,,,0,0,0,,0,,
227,em_bg_222,LUA_MENU_CALLING_CARD_CAPS,0,0,0,0,killer,,,0,0,0,,0,,
228,em_bg_223,LUA_MENU_CALLING_CARD_CAPS,0,0,0,0,killer,,,0,0,0,,0,,
229,em_bg_224,LUA_MENU_CALLING_CARD_CAPS,0,0,0,0,killer,,,0,0,0,,0,,
230,em_bg_225,LUA_MENU_CALLING_CARD_CAPS,0,0,0,0,killer,,,0,0,0,,0,,
231,em_bg_226,LUA_MENU_CALLING_CARD_CAPS,0,0,0,0,killer,,,0,0,0,,0,,
232,em_bg_227,LUA_MENU_CALLING_CARD_CAPS,0,0,0,0,killer,,,0,0,0,,0,,
233,em_bg_228,LUA_MENU_CALLING_CARD_CAPS,0,0,0,0,killer,,,0,0,0,,0,,
234,em_bg_229,LUA_MENU_CALLING_CARD_CAPS,0,0,0,0,killer,,,0,0,0,,0,,
235,em_bg_230,LUA_MENU_CALLING_CARD_CAPS,0,0,0,0,killer,,,0,0,0,,0,,
236,em_bg_231,LUA_MENU_CALLING_CARD_CAPS,0,0,0,0,killer,,,0,0,0,,0,,
237,em_bg_232,LUA_MENU_CALLING_CARD_CAPS,0,0,0,0,killer,,,0,0,0,,0,,
238,em_bg_233,LUA_MENU_CALLING_CARD_CAPS,0,0,0,0,killer,,,0,0,0,,0,,
239,em_bg_234,LUA_MENU_CALLING_CARD_CAPS,0,0,0,0,killer,,,0,0,0,,0,,
240,em_bg_235,LUA_MENU_CALLING_CARD_CAPS,0,0,0,0,killer,,,0,0,0,,0,,
241,em_bg_236,LUA_MENU_CALLING_CARD_CAPS,0,0,0,0,killer,,,0,0,0,,0,,
242,em_bg_237,LUA_MENU_CALLING_CARD_CAPS,0,1,5,0,killer,,,0,0,0,,0,,
243,em_bg_238,LUA_MENU_CALLING_CARD_CAPS,0,0,0,0,humiliation,,,0,0,0,,0,,
244,em_bg_239,LUA_MENU_CALLING_CARD_CAPS,0,45,1,0,humiliation,,,0,0,0,,0,,
245,em_bg_240,LUA_MENU_CALLING_CARD_CAPS,0,0,0,0,humiliation,,,0,0,0,,0,,
246,em_bg_241,LUA_MENU_CALLING_CARD_CAPS,0,0,0,0,humiliation,,,0,0,0,,0,,
247,em_bg_242,LUA_MENU_CALLING_CARD_CAPS,0,0,0,0,humiliation,,,0,0,0,,0,,
248,em_bg_243,LUA_MENU_CALLING_CARD_CAPS,0,0,0,0,humiliation,,,0,0,0,,0,,
249,em_bg_244,LUA_MENU_CALLING_CARD_CAPS,0,0,0,0,humiliation,,,0,0,0,,0,,
250,em_bg_245,LUA_MENU_CALLING_CARD_CAPS,0,0,0,0,humiliation,,,0,0,0,,0,,
251,em_bg_246,LUA_MENU_CALLING_CARD_CAPS,0,34,1,0,humiliation,,,0,0,0,,0,,
252,em_bg_247,LUA_MENU_CALLING_CARD_CAPS,0,0,0,0,humiliation,,,0,0,0,,0,,
253,em_bg_248,LUA_MENU_CALLING_CARD_CAPS,0,0,0,0,humiliation,,,0,0,0,,0,,
254,em_bg_249,LUA_MENU_CALLING_CARD_CAPS,0,0,0,0,humiliation,,,0,0,0,,0,,
255,em_bg_250,LUA_MENU_CALLING_CARD_CAPS,0,0,0,0,humiliation,,,0,0,0,,0,,
256,em_bg_251,LUA_MENU_CALLING_CARD_CAPS,0,0,0,0,humiliation,,,0,0,0,,0,,
257,em_bg_252,LUA_MENU_CALLING_CARD_CAPS,0,0,0,0,humiliation,,,0,0,0,,0,,
258,em_bg_253,LUA_MENU_CALLING_CARD_CAPS,0,0,0,0,humiliation,,,0,0,0,,0,,
259,em_bg_254,LUA_MENU_CALLING_CARD_CAPS,0,0,0,0,humiliation,,,0,0,0,,0,,
260,em_bg_255,LUA_MENU_CALLING_CARD_CAPS,0,0,0,0,humiliation,,,0,0,0,,0,,
261,em_bg_256,LUA_MENU_CALLING_CARD_CAPS,0,0,0,0,humiliation,,,0,0,0,,0,,
262,em_bg_257,LUA_MENU_CALLING_CARD_CAPS,0,0,0,0,humiliation,,,0,0,0,,0,,
263,em_bg_258,LUA_MENU_CALLING_CARD_CAPS,0,0,0,0,humiliation,,,0,0,0,,0,,
264,em_bg_259,LUA_MENU_CALLING_CARD_CAPS,0,0,0,0,humiliation,,,0,0,0,,0,,
265,em_bg_260,LUA_MENU_CALLING_CARD_CAPS,0,0,0,0,humiliation,,,0,0,0,,0,,
266,em_bg_261,LUA_MENU_CALLING_CARD_CAPS,0,0,0,0,humiliation,,,0,0,0,,0,,
267,em_bg_262,LUA_MENU_CALLING_CARD_CAPS,0,0,0,0,humiliation,,,0,0,0,,0,,
268,em_bg_263,LUA_MENU_CALLING_CARD_CAPS,0,0,0,0,humiliation,,,0,0,0,,0,,
269,em_bg_264,LUA_MENU_CALLING_CARD_CAPS,0,0,0,0,humiliation,,,0,0,0,,0,,
270,em_bg_265,LUA_MENU_CALLING_CARD_CAPS,0,0,0,0,humiliation,,,0,0,0,,0,,
271,em_bg_266,LUA_MENU_CALLING_CARD_CAPS,0,0,0,0,humiliation,,,0,0,0,,0,,
272,em_bg_267,LUA_MENU_CALLING_CARD_CAPS,0,0,0,0,humiliation,,,0,0,0,,0,,
273,em_bg_268,LUA_MENU_CALLING_CARD_CAPS,0,0,0,0,humiliation,,,0,0,0,,0,,
274,em_bg_269,LUA_MENU_CALLING_CARD_CAPS,0,0,0,0,humiliation,,,0,0,0,,0,,
275,em_bg_270,LUA_MENU_CALLING_CARD_CAPS,0,0,0,0,humiliation,,,0,0,0,,0,,
276,em_bg_271,LUA_MENU_CALLING_CARD_CAPS,0,0,0,0,humiliation,,,0,0,0,,0,,
277,em_bg_272,LUA_MENU_CALLING_CARD_CAPS,0,0,0,0,humiliation,,,0,0,0,,0,,
278,em_bg_273,LUA_MENU_CALLING_CARD_CAPS,0,0,0,0,humiliation,,,0,0,0,,0,,
279,em_bg_274,LUA_MENU_CALLING_CARD_CAPS,0,0,0,0,humiliation,,,0,0,0,,0,,
280,em_bg_275,LUA_MENU_CALLING_CARD_CAPS,0,0,0,0,humiliation,,,0,0,0,,0,,
281,em_bg_276,LUA_MENU_CALLING_CARD_CAPS,0,0,0,0,humiliation,,,0,0,0,,0,,
282,em_bg_277,LUA_MENU_CALLING_CARD_CAPS,0,0,0,0,humiliation,,,0,0,0,,0,,
283,em_bg_278,LUA_MENU_CALLING_CARD_CAPS,0,0,0,0,humiliation,,,0,0,0,,0,,
284,em_bg_279,LUA_MENU_CALLING_CARD_CAPS,0,0,0,0,humiliation,,,0,0,0,,0,,
285,em_bg_280,LUA_MENU_CALLING_CARD_CAPS,0,0,0,0,humiliation,,,0,0,0,,0,,
286,em_bg_281,LUA_MENU_CALLING_CARD_CAPS,0,0,0,0,humiliation,,,0,0,0,,0,,
287,em_bg_282,LUA_MENU_CALLING_CARD_CAPS,0,0,0,0,humiliation,,,0,0,0,,0,,
288,em_bg_283,LUA_MENU_CALLING_CARD_CAPS,0,0,0,0,humiliation,,,0,0,0,,0,,
289,em_bg_284,LUA_MENU_CALLING_CARD_CAPS,0,0,0,0,humiliation,,,0,0,0,,0,,
290,em_bg_285,LUA_MENU_CALLING_CARD_CAPS,0,0,0,0,humiliation,,,0,0,0,,0,,
291,em_bg_286,LUA_MENU_CALLING_CARD_CAPS,0,0,0,0,humiliation,,,0,0,0,,0,,
292,em_bg_287,LUA_MENU_CALLING_CARD_CAPS,0,0,0,0,humiliation,,,0,0,0,,0,,
293,em_bg_288,LUA_MENU_CALLING_CARD_CAPS,0,0,0,0,humiliation,,,0,0,0,,0,,
294,em_bg_289,LUA_MENU_CALLING_CARD_CAPS,0,0,0,0,humiliation,,,0,0,0,,0,,
295,em_bg_290,LUA_MENU_CALLING_CARD_CAPS,0,0,0,0,humiliation,,,0,0,0,,0,,
296,em_bg_291,LUA_MENU_CALLING_CARD_CAPS,0,0,0,0,humiliation,,,0,0,0,,0,,
297,em_bg_292,LUA_MENU_CALLING_CARD_CAPS,0,0,0,0,humiliation,,,0,0,0,,0,,
298,em_bg_293,LUA_MENU_CALLING_CARD_CAPS,0,0,0,0,humiliation,,,0,0,0,,0,,
299,em_bg_294,LUA_MENU_CALLING_CARD_CAPS,0,0,0,0,humiliation,,,0,0,0,,0,,
300,em_bg_295,LUA_MENU_CALLING_CARD_CAPS,0,64,1,0,humiliation,,,0,0,0,,0,,
301,em_bg_296,LUA_MENU_CALLING_CARD_CAPS,0,0,0,0,humiliation,,,0,0,0,,0,,
302,em_bg_297,LUA_MENU_CALLING_CARD_CAPS,0,0,0,0,humiliation,,,0,0,0,,0,,
303,em_bg_298,LUA_MENU_CALLING_CARD_CAPS,0,0,0,0,perks,,,0,0,0,,0,,
304,em_bg_299,LUA_MENU_CALLING_CARD_CAPS,0,0,0,0,perks,,,0,0,0,,0,,
305,em_bg_300,LUA_MENU_CALLING_CARD_CAPS,0,0,0,0,perks,,,0,0,0,,0,,
306,em_bg_301,LUA_MENU_CALLING_CARD_CAPS,0,0,0,0,perks,,,0,0,0,,0,,
307,em_bg_302,LUA_MENU_CALLING_CARD_CAPS,0,0,0,0,perks,,,0,0,0,,0,,
308,em_bg_303,LUA_MENU_CALLING_CARD_CAPS,0,0,0,0,perks,,,0,0,0,,0,,
309,em_bg_304,LUA_MENU_CALLING_CARD_CAPS,0,0,0,0,perks,,,0,0,0,,0,,
310,em_bg_305,LUA_MENU_CALLING_CARD_CAPS,0,0,0,0,perks,,,0,0,0,,0,,
311,em_bg_306,LUA_MENU_CALLING_CARD_CAPS,0,0,0,0,perks,,,0,0,0,,0,,
312,em_bg_307,LUA_MENU_CALLING_CARD_CAPS,0,0,0,0,perks,,,0,0,0,,0,,
313,em_bg_308,LUA_MENU_CALLING_CARD_CAPS,0,0,0,0,perks,,,0,0,0,,0,,
314,em_bg_309,LUA_MENU_CALLING_CARD_CAPS,0,0,0,0,perks,,,0,0,0,,0,,
315,em_bg_310,LUA_MENU_CALLING_CARD_CAPS,0,0,0,0,perks,,,0,0,0,,0,,
316,em_bg_311,LUA_MENU_CALLING_CARD_CAPS,0,0,0,0,perks,,,0,0,0,,0,,
317,em_bg_312,LUA_MENU_CALLING_CARD_CAPS,0,0,0,0,perks,,,0,0,0,,0,,
318,em_bg_313,LUA_MENU_CALLING_CARD_CAPS,0,0,0,0,perks,,,0,0,0,,0,,
319,em_bg_314,LUA_MENU_CALLING_CARD_CAPS,0,0,0,0,perks,,,0,0,0,,0,,
320,em_bg_315,LUA_MENU_CALLING_CARD_CAPS,0,0,0,0,perks,,,0,0,0,,0,,
321,em_bg_316,LUA_MENU_CALLING_CARD_CAPS,0,0,0,0,perks,,,0,0,0,,0,,
322,em_bg_317,LUA_MENU_CALLING_CARD_CAPS,0,0,0,0,perks,,,0,0,0,,0,,
323,em_bg_318,LUA_MENU_CALLING_CARD_CAPS,0,0,0,0,perks,,,0,0,0,,0,,
324,em_bg_319,LUA_MENU_CALLING_CARD_CAPS,0,0,0,0,perks,,,0,0,0,,0,,
325,em_bg_320,LUA_MENU_CALLING_CARD_CAPS,0,0,0,0,perks,,,0,0,0,,0,,
326,em_bg_321,LUA_MENU_CALLING_CARD_CAPS,0,0,0,0,perks,,,0,0,0,,0,,
327,em_bg_322,LUA_MENU_CALLING_CARD_CAPS,0,0,0,0,perks,,,0,0,0,,0,,
328,em_bg_323,LUA_MENU_CALLING_CARD_CAPS,0,0,0,0,perks,,,0,0,0,,0,,
329,em_bg_324,LUA_MENU_CALLING_CARD_CAPS,0,0,0,0,perks,,,0,0,0,,0,,
330,em_bg_325,LUA_MENU_CALLING_CARD_CAPS,0,0,0,0,perks,,,0,0,0,,0,,
331,em_bg_326,LUA_MENU_CALLING_CARD_CAPS,0,0,0,0,perks,,,0,0,0,,0,,
332,em_bg_327,LUA_MENU_CALLING_CARD_CAPS,0,0,0,0,perks,,,0,0,0,,0,,
333,em_bg_328,LUA_MENU_CALLING_CARD_CAPS,0,0,0,0,perks,,,0,0,0,,0,,
334,em_bg_329,LUA_MENU_CALLING_CARD_CAPS,0,0,0,0,perks,,,0,0,0,,0,,
335,em_bg_330,LUA_MENU_CALLING_CARD_CAPS,0,0,0,0,perks,,,0,0,0,,0,,
336,em_bg_331,LUA_MENU_CALLING_CARD_CAPS,0,0,0,0,perks,,,0,0,0,,0,,
337,em_bg_332,LUA_MENU_CALLING_CARD_CAPS,0,0,0,0,perks,,,0,0,0,,0,,
338,em_bg_333,LUA_MENU_CALLING_CARD_CAPS,0,0,0,0,perks,,,0,0,0,,0,,
339,em_bg_334,LUA_MENU_CALLING_CARD_CAPS,0,0,0,0,perks,,,0,0,0,,0,,
340,em_bg_335,LUA_MENU_CALLING_CARD_CAPS,0,0,0,0,perks,,,0,0,0,,0,,
341,em_bg_336,LUA_MENU_CALLING_CARD_CAPS,0,0,0,0,perks,,,0,0,0,,0,,
342,em_bg_581,LUA_MENU_CALLING_CARD_CAPS,0,0,0,0,perks,,,0,0,0,,0,,
343,em_bg_337,LUA_MENU_CALLING_CARD_CAPS,0,0,0,0,perks,,,0,0,0,,0,,
344,em_bg_338,LUA_MENU_CALLING_CARD_CAPS,0,0,0,0,perks,,,0,0,0,,0,,
345,em_bg_339,LUA_MENU_CALLING_CARD_CAPS,0,0,0,0,perks,,,0,0,0,,0,,
346,em_bg_340,LUA_MENU_CALLING_CARD_CAPS,0,0,0,0,perks,,,0,0,0,,0,,
347,em_bg_341,LUA_MENU_CALLING_CARD_CAPS,0,0,0,0,perks,,,0,0,0,,0,,
348,em_bg_342,LUA_MENU_CALLING_CARD_CAPS,0,0,0,0,perks,,,0,0,0,,0,,
349,em_bg_343,LUA_MENU_CALLING_CARD_CAPS,0,0,0,0,perks,,,0,0,0,,0,,
350,em_bg_344,LUA_MENU_CALLING_CARD_CAPS,0,0,0,0,perks,,,0,0,0,,0,,
351,em_bg_345,LUA_MENU_CALLING_CARD_CAPS,0,0,0,0,perks,,,0,0,0,,0,,
352,em_bg_346,LUA_MENU_CALLING_CARD_CAPS,0,0,1,0,perks,,,0,0,0,,0,,
353,em_bg_347,LUA_MENU_CALLING_CARD_CAPS,0,0,2,0,perks,,,0,0,0,,0,,
354,em_bg_348,LUA_MENU_CALLING_CARD_CAPS,0,0,3,0,perks,,,0,0,0,,0,,
355,em_bg_349,LUA_MENU_CALLING_CARD_CAPS,0,0,8,0,perks,,,0,0,0,,0,,
356,em_bg_350,LUA_MENU_CALLING_CARD_CAPS,0,0,9,0,perks,,,0,0,0,,0,,
357,em_bg_351,LUA_MENU_CALLING_CARD_CAPS,0,0,10,0,perks,,,0,0,0,,0,,
358,em_bg_356,LUA_MENU_CALLING_CARD_CAPS,0,0,0,0,perks,,,0,0,0,,0,,
359,em_bg_357,LUA_MENU_CALLING_CARD_CAPS,0,0,0,0,perks,,,0,0,0,,0,,
360,em_bg_358,LUA_MENU_CALLING_CARD_CAPS,0,0,0,0,perks,,,0,0,0,,0,,
361,em_bg_359,LUA_MENU_CALLING_CARD_CAPS,0,0,0,0,perks,,,0,0,0,,0,,
362,em_bg_360,LUA_MENU_CALLING_CARD_CAPS,0,0,0,0,perks,,,0,0,0,,0,,
363,em_bg_361,LUA_MENU_CALLING_CARD_CAPS,0,0,0,0,perks,,,0,0,0,,0,,
364,em_bg_362,LUA_MENU_CALLING_CARD_CAPS,0,0,0,0,valor,,,0,0,0,,0,,
365,em_bg_363,LUA_MENU_CALLING_CARD_CAPS,0,0,0,0,valor,,,0,0,0,,0,,
366,em_bg_364,LUA_MENU_CALLING_CARD_CAPS,0,0,0,0,valor,,,0,0,0,,0,,
367,em_bg_365,LUA_MENU_CALLING_CARD_CAPS,0,0,0,0,valor,,,0,0,0,,0,,
368,em_bg_366,LUA_MENU_CALLING_CARD_CAPS,0,0,0,0,valor,,,0,0,0,,0,,
369,em_bg_367,LUA_MENU_CALLING_CARD_CAPS,0,0,0,0,valor,,,0,0,0,,0,,
370,em_bg_368,LUA_MENU_CALLING_CARD_CAPS,0,0,0,0,valor,,,0,0,0,,0,,
371,em_bg_369,LUA_MENU_CALLING_CARD_CAPS,0,0,0,0,valor,,,0,0,0,,0,,
372,em_bg_370,LUA_MENU_CALLING_CARD_CAPS,0,0,0,0,valor,,,0,0,0,,0,,
373,em_bg_371,LUA_MENU_CALLING_CARD_CAPS,0,0,0,0,valor,,,0,0,0,,0,,
374,em_bg_372,LUA_MENU_CALLING_CARD_CAPS,0,0,0,0,valor,,,0,0,0,,0,,
375,em_bg_373,LUA_MENU_CALLING_CARD_CAPS,0,0,0,0,valor,,,0,0,0,,0,,
376,em_bg_374,LUA_MENU_CALLING_CARD_CAPS,0,0,0,0,valor,,,0,0,0,,0,,
377,em_bg_375,LUA_MENU_CALLING_CARD_CAPS,0,0,0,0,valor,,,0,0,0,,0,,
378,em_bg_376,LUA_MENU_CALLING_CARD_CAPS,0,0,0,0,valor,,,0,0,0,,0,,
379,em_bg_377,LUA_MENU_CALLING_CARD_CAPS,0,0,0,0,valor,,,0,0,0,,0,,
380,em_bg_378,LUA_MENU_CALLING_CARD_CAPS,0,0,0,0,valor,,,0,0,0,,0,,
381,em_bg_379,LUA_MENU_CALLING_CARD_CAPS,0,0,0,0,valor,,,0,0,0,,0,,
382,em_bg_380,LUA_MENU_CALLING_CARD_CAPS,0,0,0,0,valor,,,0,0,0,,0,,
383,em_bg_381,LUA_MENU_CALLING_CARD_CAPS,0,0,0,0,valor,,,0,0,0,,0,,
384,em_bg_382,LUA_MENU_CALLING_CARD_CAPS,0,0,0,0,valor,,,0,0,0,,0,,
385,em_bg_383,LUA_MENU_CALLING_CARD_CAPS,0,0,0,0,valor,,,0,0,0,,0,,
386,em_bg_384,LUA_MENU_CALLING_CARD_CAPS,0,0,0,0,valor,,,0,0,0,,0,,
387,em_bg_385,LUA_MENU_CALLING_CARD_CAPS,0,0,0,0,valor,,,0,0,0,,0,,
388,em_bg_386,LUA_MENU_CALLING_CARD_CAPS,0,0,0,0,valor,,,0,0,0,,0,,
389,em_bg_387,LUA_MENU_CALLING_CARD_CAPS,0,0,0,0,valor,,,0,0,0,,0,,
390,em_bg_388,LUA_MENU_CALLING_CARD_CAPS,0,0,0,0,valor,,,0,0,0,,0,,
391,em_bg_389,LUA_MENU_CALLING_CARD_CAPS,0,0,0,0,valor,,,0,0,0,,0,,
392,em_bg_390,LUA_MENU_CALLING_CARD_CAPS,0,0,0,0,valor,,,0,0,0,,0,,
393,em_bg_391,LUA_MENU_CALLING_CARD_CAPS,0,0,0,0,valor,,,0,0,0,,0,,
394,em_bg_392,LUA_MENU_CALLING_CARD_CAPS,0,0,0,0,valor,,,0,0,0,,0,,
395,em_bg_393,LUA_MENU_CALLING_CARD_CAPS,0,0,0,0,valor,,,0,0,0,,0,,
396,em_bg_394,LUA_MENU_CALLING_CARD_CAPS,0,0,0,0,valor,,,0,0,0,,0,,
397,em_bg_395,LUA_MENU_CALLING_CARD_CAPS,0,0,0,0,valor,,,0,0,0,,0,,
398,em_bg_396,LUA_MENU_CALLING_CARD_CAPS,0,0,0,0,valor,,,0,0,0,,0,,
399,em_bg_397,LUA_MENU_CALLING_CARD_CAPS,0,0,0,0,valor,,,0,0,0,,0,,
400,em_bg_398,LUA_MENU_CALLING_CARD_CAPS,0,0,0,0,valor,,,0,0,0,,0,,
401,em_bg_399,LUA_MENU_CALLING_CARD_CAPS,0,0,0,0,valor,,,0,0,0,,0,,
402,em_bg_400,LUA_MENU_CALLING_CARD_CAPS,0,0,0,0,valor,,,0,0,0,,0,,
403,em_bg_401,LUA_MENU_CALLING_CARD_CAPS,0,0,0,0,valor,,,0,0,0,,0,,
404,em_bg_402,LUA_MENU_CALLING_CARD_CAPS,0,0,0,0,valor,,,0,0,0,,0,,
405,em_bg_403,LUA_MENU_CALLING_CARD_CAPS,0,0,0,0,valor,,,0,0,0,,0,,
406,em_bg_404,LUA_MENU_CALLING_CARD_CAPS,0,0,0,0,valor,,,0,0,0,,0,,
407,em_bg_405,LUA_MENU_CALLING_CARD_CAPS,0,0,0,0,valor,,,0,0,0,,0,,
408,em_bg_406,LUA_MENU_CALLING_CARD_CAPS,0,0,0,0,valor,,,0,0,0,,0,,
409,em_bg_407,LUA_MENU_CALLING_CARD_CAPS,0,0,0,0,valor,,,0,0,0,,0,,
410,em_bg_408,LUA_MENU_CALLING_CARD_CAPS,0,0,0,0,valor,,,0,0,0,,0,,
411,em_bg_409,LUA_MENU_CALLING_CARD_CAPS,0,0,0,0,valor,,,0,0,0,,0,,
412,em_bg_410,LUA_MENU_CALLING_CARD_CAPS,0,0,0,0,valor,,,0,0,0,,0,,
413,em_bg_411,LUA_MENU_CALLING_CARD_CAPS,0,0,0,0,valor,,,0,0,0,,0,,
414,em_bg_412,LUA_MENU_CALLING_CARD_CAPS,0,0,0,0,valor,,,0,0,0,,0,,
415,em_bg_413,LUA_MENU_CALLING_CARD_CAPS,0,0,0,0,valor,,,0,0,0,,0,,
416,em_bg_414,LUA_MENU_CALLING_CARD_CAPS,0,0,0,0,valor,,,0,0,0,,0,,
417,em_bg_415,LUA_MENU_CALLING_CARD_CAPS,0,0,0,0,valor,,,0,0,0,,0,,
418,em_bg_416,LUA_MENU_CALLING_CARD_CAPS,0,0,0,0,valor,,,0,0,0,,0,,
419,em_bg_417,LUA_MENU_CALLING_CARD_CAPS,0,0,0,0,valor,,,0,0,0,,0,,
420,em_bg_418,LUA_MENU_CALLING_CARD_CAPS,0,0,0,0,valor,,,0,0,0,,0,,
421,em_bg_419,LUA_MENU_CALLING_CARD_CAPS,0,0,0,0,valor,,,0,0,0,,0,,
422,em_bg_420,LUA_MENU_CALLING_CARD_CAPS,0,0,0,0,valor,,,0,0,0,,0,,
423,em_bg_421,LUA_MENU_CALLING_CARD_CAPS,0,0,0,0,valor,,,0,0,0,,0,,
424,em_bg_422,LUA_MENU_CALLING_CARD_CAPS,0,0,0,0,prestige,,,0,0,0,,0,,
425,em_bg_423,LUA_MENU_CALLING_CARD_CAPS,0,0,0,0,prestige,,,0,0,0,,0,,
426,em_bg_424,LUA_MENU_CALLING_CARD_CAPS,0,0,0,0,prestige,,,0,0,0,,0,,
427,em_bg_425,LUA_MENU_CALLING_CARD_CAPS,0,0,0,0,prestige,,,0,0,0,,0,,
428,em_bg_426,LUA_MENU_CALLING_CARD_CAPS,0,0,0,0,prestige,,,0,0,0,,0,,
429,em_bg_427,LUA_MENU_CALLING_CARD_CAPS,0,0,0,0,prestige,,,0,0,0,,0,,
430,em_bg_428,LUA_MENU_CALLING_CARD_CAPS,0,0,0,0,prestige,,,0,0,0,,0,,
431,em_bg_429,LUA_MENU_CALLING_CARD_CAPS,0,0,0,0,prestige,,,0,0,0,,0,,
432,em_bg_430,LUA_MENU_CALLING_CARD_CAPS,0,0,0,0,prestige,,,0,0,0,,0,,
433,em_bg_431,LUA_MENU_CALLING_CARD_CAPS,0,0,0,0,prestige,,,0,0,0,,0,,
434,em_bg_432,LUA_MENU_CALLING_CARD_CAPS,0,0,0,0,prestige,,,0,0,0,,0,,
435,em_bg_433,LUA_MENU_CALLING_CARD_CAPS,0,0,0,0,prestige,,,0,0,0,,0,,
436,em_bg_434,LUA_MENU_CALLING_CARD_CAPS,0,0,0,0,prestige,,,0,0,0,,0,,
437,em_bg_435,LUA_MENU_CALLING_CARD_CAPS,0,0,0,0,prestige,,,0,0,0,,0,,
438,em_bg_436,LUA_MENU_CALLING_CARD_CAPS,0,0,0,0,prestige,,,0,0,0,,0,,
439,em_bg_437,LUA_MENU_CALLING_CARD_CAPS,0,0,0,0,prestige,,,0,0,0,,0,,
440,em_bg_438,LUA_MENU_CALLING_CARD_CAPS,0,0,0,0,prestige,,,0,0,0,,0,,
441,em_bg_439,LUA_MENU_CALLING_CARD_CAPS,0,0,0,0,prestige,,,0,0,0,,0,,
442,em_bg_440,LUA_MENU_CALLING_CARD_CAPS,0,0,0,0,prestige,,,0,0,0,,0,,
443,em_bg_441,LUA_MENU_CALLING_CARD_CAPS,0,0,0,0,prestige,,,0,0,0,,0,,
444,em_bg_442,LUA_MENU_CALLING_CARD_CAPS,0,0,0,0,prestige,,,0,0,0,,0,,
445,em_bg_443,LUA_MENU_CALLING_CARD_CAPS,0,0,0,0,prestige,,,0,0,0,,0,,
446,em_bg_444,LUA_MENU_CALLING_CARD_CAPS,0,0,0,0,prestige,,,0,0,0,,0,,
447,em_bg_445,LUA_MENU_CALLING_CARD_CAPS,0,0,0,0,prestige,,,0,0,0,,0,,
448,em_bg_446,LUA_MENU_CALLING_CARD_CAPS,0,0,0,0,prestige,,,0,0,0,,0,,
449,em_bg_447,LUA_MENU_CALLING_CARD_CAPS,0,0,0,0,prestige,,,0,0,0,,0,,
450,em_bg_448,LUA_MENU_CALLING_CARD_CAPS,0,0,0,0,prestige,,,0,0,0,,0,,
451,em_bg_449,LUA_MENU_CALLING_CARD_CAPS,0,0,0,0,prestige,,,0,0,0,,0,,
452,em_bg_450,LUA_MENU_CALLING_CARD_CAPS,0,0,0,0,prestige,,,0,0,0,,0,,
453,em_bg_451,LUA_MENU_CALLING_CARD_CAPS,0,0,0,0,prestige,,,0,0,0,,0,,
454,em_bg_452,LUA_MENU_CALLING_CARD_CAPS,0,0,0,0,prestige,,,0,0,0,,0,,
455,em_bg_453,LUA_MENU_CALLING_CARD_CAPS,0,0,0,0,prestige,,,0,0,0,,0,,
456,em_bg_454,LUA_MENU_CALLING_CARD_CAPS,0,0,0,0,prestige,,,0,0,0,,0,,
457,em_bg_455,LUA_MENU_CALLING_CARD_CAPS,0,0,0,0,prestige,,,0,0,0,,0,,
458,em_bg_456,LUA_MENU_CALLING_CARD_CAPS,0,0,0,0,prestige,,,0,0,0,,0,,
459,em_bg_457,LUA_MENU_CALLING_CARD_CAPS,0,0,0,0,prestige,,,0,0,0,,0,,
460,em_bg_458,LUA_MENU_CALLING_CARD_CAPS,0,0,0,0,prestige,,,0,0,0,,0,,
461,em_bg_459,LUA_MENU_CALLING_CARD_CAPS,0,0,0,0,prestige,,,0,0,0,,0,,
462,em_bg_460,LUA_MENU_CALLING_CARD_CAPS,0,0,0,0,prestige,,,0,0,0,,0,,
463,em_bg_461,LUA_MENU_CALLING_CARD_CAPS,0,0,0,0,prestige,,,0,0,0,,0,,
464,em_bg_462,LUA_MENU_CALLING_CARD_CAPS,0,0,0,0,prestige,,,0,0,0,,0,,
465,em_bg_463,LUA_MENU_CALLING_CARD_CAPS,0,0,0,0,prestige,,,0,0,0,,0,,
466,em_bg_464,LUA_MENU_CALLING_CARD_CAPS,0,0,0,0,prestige,,,0,0,0,,0,,
467,em_bg_465,LUA_MENU_CALLING_CARD_CAPS,0,0,0,0,prestige,,,0,0,0,,0,,
468,em_bg_466,LUA_MENU_CALLING_CARD_CAPS,0,0,0,0,prestige,,,0,0,0,,0,,
469,em_bg_467,LUA_MENU_CALLING_CARD_CAPS,0,0,0,0,prestige,,,0,0,0,,0,,
470,em_bg_468,LUA_MENU_CALLING_CARD_CAPS,0,0,0,0,prestige,,,0,0,0,,0,,
471,em_bg_469,LUA_MENU_CALLING_CARD_CAPS,0,0,0,0,prestige,,,0,0,0,,0,,
472,em_bg_470,LUA_MENU_CALLING_CARD_CAPS,0,0,0,0,prestige,,,0,0,0,,0,,
473,em_bg_471,LUA_MENU_CALLING_CARD_CAPS,0,0,0,0,prestige,,,0,0,0,,0,,
474,em_bg_472,LUA_MENU_CALLING_CARD_CAPS,0,0,0,0,prestige,,,0,0,0,,0,,
475,em_bg_473,LUA_MENU_CALLING_CARD_CAPS,0,0,0,0,prestige,,,0,0,0,,0,,
476,em_bg_474,LUA_MENU_CALLING_CARD_CAPS,0,0,0,0,prestige,,,0,0,0,,0,,
477,em_bg_475,LUA_MENU_CALLING_CARD_CAPS,0,0,0,0,prestige,,,0,0,0,,0,,
478,em_bg_476,LUA_MENU_CALLING_CARD_CAPS,0,0,0,0,prestige,,,0,0,0,,0,,
479,em_bg_477,LUA_MENU_CALLING_CARD_CAPS,0,0,0,0,prestige,,,0,0,0,,0,,
480,em_bg_478,LUA_MENU_CALLING_CARD_CAPS,0,0,0,0,prestige,,,0,0,0,,0,,
481,em_bg_479,LUA_MENU_CALLING_CARD_CAPS,0,0,0,0,prestige,,,0,0,0,,0,,
482,em_bg_480,LUA_MENU_CALLING_CARD_CAPS,0,0,0,0,prestige,,,0,0,0,,0,,
483,em_bg_481,LUA_MENU_CALLING_CARD_CAPS,0,0,0,0,prestige,,,0,0,0,,0,,
484,em_bg_482,LUA_MENU_CALLING_CARD_CAPS,0,0,0,0,tab8,,,0,0,0,,0,,
485,em_bg_483,LUA_MENU_CALLING_CARD_CAPS,0,0,0,0,tab8,,,0,0,0,,0,,
486,em_bg_484,LUA_MENU_CALLING_CARD_CAPS,0,0,0,0,tab8,,,0,0,0,,0,,
487,em_bg_485,LUA_MENU_CALLING_CARD_CAPS,0,0,0,0,tab8,,,0,0,0,,0,,
488,em_bg_486,LUA_MENU_CALLING_CARD_CAPS,0,0,0,0,tab8,,,0,0,0,,0,,
489,em_bg_487,LUA_MENU_CALLING_CARD_CAPS,0,0,0,0,tab8,,,0,0,0,,0,,
490,em_bg_488,LUA_MENU_CALLING_CARD_CAPS,0,0,0,0,tab8,,,0,0,0,,0,,
491,em_bg_489,LUA_MENU_CALLING_CARD_CAPS,0,0,0,0,tab8,,,0,0,0,,0,,
492,em_bg_490,LUA_MENU_CALLING_CARD_CAPS,0,0,0,0,tab8,,,0,0,0,,0,,
493,em_bg_491,LUA_MENU_CALLING_CARD_CAPS,0,0,0,0,tab8,,,0,0,0,,0,,
494,em_bg_492,LUA_MENU_CALLING_CARD_CAPS,0,0,0,0,tab8,,,0,0,0,,0,,
495,em_bg_493,LUA_MENU_CALLING_CARD_CAPS,0,0,0,0,tab8,,,0,0,0,,0,,
496,em_bg_494,LUA_MENU_CALLING_CARD_CAPS,0,0,0,0,tab8,,,0,0,0,,0,,
497,em_bg_495,LUA_MENU_CALLING_CARD_CAPS,0,0,0,0,tab8,,,0,0,0,,0,,
498,em_bg_496,LUA_MENU_CALLING_CARD_CAPS,0,0,0,0,tab8,,,0,0,0,,0,,
499,em_bg_497,LUA_MENU_CALLING_CARD_CAPS,0,0,0,0,tab8,,,0,0,0,,0,,
500,em_bg_498,LUA_MENU_CALLING_CARD_CAPS,0,0,0,0,tab8,,,0,0,0,,0,,
501,em_bg_499,LUA_MENU_CALLING_CARD_CAPS,0,0,0,0,tab8,,,0,0,0,,0,,
502,em_bg_500,LUA_MENU_CALLING_CARD_CAPS,0,0,0,0,tab8,,,0,0,0,,0,,
503,em_bg_501,LUA_MENU_CALLING_CARD_CAPS,0,0,0,0,tab8,,,0,0,0,,0,,
504,em_bg_502,LUA_MENU_CALLING_CARD_CAPS,0,0,0,0,tab8,,,0,0,0,,0,,
505,em_bg_503,LUA_MENU_CALLING_CARD_CAPS,0,0,0,0,tab8,,,0,0,0,,0,,
506,em_bg_504,LUA_MENU_CALLING_CARD_CAPS,0,0,0,0,tab8,,,0,0,0,,0,,
507,em_bg_505,LUA_MENU_CALLING_CARD_CAPS,0,0,0,0,tab8,,,0,0,0,,0,,
508,em_bg_506,LUA_MENU_CALLING_CARD_CAPS,0,0,0,0,tab8,,,0,0,0,,0,,
509,em_bg_507,LUA_MENU_CALLING_CARD_CAPS,0,0,0,0,tab8,,,0,0,0,,0,,
510,em_bg_508,LUA_MENU_CALLING_CARD_CAPS,0,0,0,0,tab8,,,0,0,0,,0,,
511,em_bg_509,LUA_MENU_CALLING_CARD_CAPS,0,0,0,0,tab8,,,0,0,0,,0,,
512,em_bg_510,LUA_MENU_CALLING_CARD_CAPS,0,0,0,0,tab8,,,0,0,0,,0,,
513,em_bg_511,LUA_MENU_CALLING_CARD_CAPS,0,0,0,0,tab8,,,0,0,0,,0,,
514,em_bg_512,LUA_MENU_CALLING_CARD_CAPS,0,0,0,0,tab8,,,0,0,0,,0,,
515,em_bg_513,LUA_MENU_CALLING_CARD_CAPS,0,0,0,0,tab8,,,0,0,0,,0,,
516,em_bg_514,LUA_MENU_CALLING_CARD_CAPS,0,0,0,0,tab8,,,0,0,0,,0,,
517,em_bg_515,LUA_MENU_CALLING_CARD_CAPS,0,0,0,0,tab8,,,0,0,0,,0,,
518,em_bg_516,LUA_MENU_CALLING_CARD_CAPS,0,0,0,0,tab8,,,0,0,0,,0,,
519,em_bg_517,LUA_MENU_CALLING_CARD_CAPS,0,0,0,0,tab8,,,0,0,0,,0,,
520,em_bg_518,LUA_MENU_CALLING_CARD_CAPS,0,0,0,0,tab8,,,0,0,0,,0,,
521,em_bg_519,LUA_MENU_CALLING_CARD_CAPS,0,0,0,0,tab8,,,0,0,0,,0,,
522,em_bg_520,LUA_MENU_CALLING_CARD_CAPS,0,0,0,0,tab8,,,0,0,0,,0,,
523,em_bg_521,LUA_MENU_CALLING_CARD_CAPS,0,0,0,0,tab8,,,0,0,0,,0,,
524,em_bg_522,LUA_MENU_CALLING_CARD_CAPS,0,0,0,0,tab8,,,0,0,0,,0,,
525,em_bg_523,LUA_MENU_CALLING_CARD_CAPS,0,0,0,0,tab8,,,0,0,0,,0,,
526,em_bg_524,LUA_MENU_CALLING_CARD_CAPS,0,0,0,0,tab8,,,0,0,0,,0,,
527,em_bg_525,LUA_MENU_CALLING_CARD_CAPS,0,0,0,0,tab8,,,0,0,0,,0,,
528,em_bg_526,LUA_MENU_CALLING_CARD_CAPS,0,0,0,0,tab8,,,0,0,0,,0,,
529,em_bg_527,LUA_MENU_CALLING_CARD_CAPS,0,0,0,0,tab8,,,0,0,0,,0,,
530,em_bg_528,LUA_MENU_CALLING_CARD_CAPS,0,0,0,0,tab8,,,0,0,0,,0,,
531,em_bg_529,LUA_MENU_CALLING_CARD_CAPS,0,0,0,0,tab8,,,0,0,0,,0,,
532,em_bg_530,LUA_MENU_CALLING_CARD_CAPS,0,0,0,0,tab8,,,0,0,0,,0,,
533,em_bg_531,LUA_MENU_CALLING_CARD_CAPS,0,0,0,0,tab8,,,0,0,0,,0,,
534,em_bg_532,LUA_MENU_CALLING_CARD_CAPS,0,0,0,0,tab8,,,0,0,0,,0,,
535,em_bg_533,LUA_MENU_CALLING_CARD_CAPS,0,0,0,0,tab8,,,0,0,0,,0,,
536,em_bg_534,LUA_MENU_CALLING_CARD_CAPS,0,0,0,0,tab8,,,0,0,0,,0,,
537,em_bg_535,LUA_MENU_CALLING_CARD_CAPS,0,0,0,0,tab8,,,0,0,0,,0,,
538,em_bg_536,LUA_MENU_CALLING_CARD_CAPS,0,0,0,0,tab8,,,0,0,0,,0,,
539,em_bg_537,LUA_MENU_CALLING_CARD_CAPS,0,0,0,0,tab8,,,0,0,0,,0,,
540,em_bg_538,LUA_MENU_CALLING_CARD_CAPS,0,0,0,0,tab8,,,0,0,0,,0,,
541,em_bg_539,LUA_MENU_CALLING_CARD_CAPS,0,0,0,0,tab8,,,0,0,0,,0,,
542,em_bg_540,LUA_MENU_CALLING_CARD_CAPS,0,0,0,0,tab8,,,0,0,0,,0,,
543,em_bg_541,LUA_MENU_CALLING_CARD_CAPS,0,0,0,0,tab8,,,0,0,0,,0,,
544,em_bg_542,LUA_MENU_CALLING_CARD_CAPS,0,0,0,0,tab9,,,0,0,0,,0,,
545,em_bg_543,LUA_MENU_CALLING_CARD_CAPS,0,0,0,0,tab9,,,0,0,0,,0,,
546,em_bg_544,LUA_MENU_CALLING_CARD_CAPS,0,0,0,0,tab9,,,0,0,0,,0,,
547,em_bg_545,LUA_MENU_CALLING_CARD_CAPS,0,0,0,0,tab9,,,0,0,0,,0,,
548,em_bg_546,LUA_MENU_CALLING_CARD_CAPS,0,0,0,0,tab9,,,0,0,0,,0,,
549,em_bg_547,LUA_MENU_CALLING_CARD_CAPS,0,0,0,0,tab9,,,0,0,0,,0,,
550,em_bg_548,LUA_MENU_CALLING_CARD_CAPS,0,0,0,0,tab9,,,0,0,0,,0,,
551,em_bg_549,LUA_MENU_CALLING_CARD_CAPS,0,0,0,0,tab9,,,0,0,0,,0,,
552,em_bg_550,LUA_MENU_CALLING_CARD_CAPS,0,0,0,0,tab9,,,0,0,0,,0,,
553,em_bg_551,LUA_MENU_CALLING_CARD_CAPS,0,0,0,0,tab9,,,0,0,0,,0,,
554,em_bg_552,LUA_MENU_CALLING_CARD_CAPS,0,0,0,0,tab9,,,0,0,0,,0,,
555,em_bg_553,LUA_MENU_CALLING_CARD_CAPS,0,0,0,0,tab9,,,0,0,0,,0,,
556,em_bg_554,LUA_MENU_CALLING_CARD_CAPS,0,0,0,0,tab9,,,0,0,0,,0,,
557,em_bg_555,LUA_MENU_CALLING_CARD_CAPS,0,0,0,0,tab9,,,0,0,0,,0,,
558,em_bg_556,LUA_MENU_CALLING_CARD_CAPS,0,0,0,0,tab9,,,0,0,0,,0,,
559,em_bg_557,LUA_MENU_CALLING_CARD_CAPS,0,0,0,0,tab9,,,0,0,0,,0,,
560,em_bg_558,LUA_MENU_CALLING_CARD_CAPS,0,0,0,0,tab9,,,0,0,0,,0,,
561,em_bg_559,LUA_MENU_CALLING_CARD_CAPS,0,0,0,0,tab9,,,0,0,0,,0,,
562,em_bg_560,LUA_MENU_CALLING_CARD_CAPS,0,0,0,0,tab9,,,0,0,0,,0,,
563,em_bg_561,LUA_MENU_CALLING_CARD_CAPS,0,0,0,0,tab9,,,0,0,0,,0,,
564,em_bg_562,LUA_MENU_CALLING_CARD_CAPS,0,0,0,0,tab9,,,0,0,0,,0,,
565,em_bg_563,LUA_MENU_CALLING_CARD_CAPS,0,0,0,0,tab9,,,0,0,0,,0,,
566,em_bg_564,LUA_MENU_CALLING_CARD_CAPS,0,0,0,0,tab9,,,0,0,0,,0,,
567,em_bg_565,LUA_MENU_CALLING_CARD_CAPS,0,0,0,0,tab9,,,0,0,0,,0,,
568,em_bg_566,LUA_MENU_CALLING_CARD_CAPS,0,0,0,0,tab9,,,0,0,0,,0,,
569,em_bg_567,LUA_MENU_CALLING_CARD_CAPS,0,0,0,0,tab9,,,0,0,0,,0,,
570,em_bg_568,LUA_MENU_CALLING_CARD_CAPS,0,0,0,0,tab9,,,0,0,0,,0,,
571,em_bg_569,LUA_MENU_CALLING_CARD_CAPS,0,0,0,0,tab9,,,0,0,0,,0,,
572,em_bg_570,LUA_MENU_CALLING_CARD_CAPS,0,0,0,0,tab9,,,0,0,0,,0,,
573,em_bg_571,LUA_MENU_CALLING_CARD_CAPS,0,0,0,0,tab9,,,0,0,0,,0,,
574,em_bg_572,LUA_MENU_CALLING_CARD_CAPS,0,0,0,0,tab9,,,0,0,0,,0,,
575,em_bg_573,LUA_MENU_CALLING_CARD_CAPS,0,0,0,0,tab9,,,0,0,0,,0,,
576,em_bg_574,LUA_MENU_CALLING_CARD_CAPS,0,0,0,0,tab9,,,0,0,0,,0,,
577,em_bg_575,LUA_MENU_CALLING_CARD_CAPS,0,0,0,0,tab9,,,0,0,0,,0,,
578,em_bg_576,LUA_MENU_CALLING_CARD_CAPS,0,0,0,0,tab9,,,0,0,0,,0,,
579,em_bg_577,LUA_MENU_CALLING_CARD_CAPS,0,0,0,0,tab9,,,0,0,0,,0,,
580,em_bg_578,LUA_MENU_CALLING_CARD_CAPS,0,0,0,0,tab9,,,0,0,0,,0,,
581,em_bg_579,LUA_MENU_CALLING_CARD_CAPS,0,0,0,0,tab9,,,0,0,0,,0,,
582,em_bg_580,LUA_MENU_CALLING_CARD_CAPS,0,0,0,0,tab9,,,0,0,0,,0,,
583,em_bg_582,LUA_MENU_CALLING_CARD_CAPS,0,0,0,0,tab9,,,0,0,0,,0,,
584,em_bg_583,LUA_MENU_CALLING_CARD_CAPS,0,0,0,0,tab9,,,0,0,0,,0,,
585,em_bg_584,LUA_MENU_CALLING_CARD_CAPS,0,0,0,0,tab9,,,0,0,0,,0,,
586,em_bg_585,LUA_MENU_CALLING_CARD_CAPS,0,0,0,0,tab9,,,0,0,0,,0,,
587,em_bg_586,LUA_MENU_CALLING_CARD_CAPS,0,0,0,0,tab9,,,0,0,0,,0,,
588,em_bg_587,LUA_MENU_CALLING_CARD_CAPS,0,0,0,0,tab9,,,0,0,0,,0,,
589,em_bg_588,LUA_MENU_CALLING_CARD_CAPS,0,0,0,0,tab9,,,0,0,0,,0,,
590,em_bg_589,LUA_MENU_CALLING_CARD_CAPS,0,0,0,0,tab9,,,0,0,0,,0,,
591,em_bg_590,LUA_MENU_CALLING_CARD_CAPS,0,0,0,0,tab9,,,0,0,0,,0,,
,,,,,,,,,,,,,,,,
