a0,b1,
american,Abbott,
american,Abeles,
american,Ackrich,
american,Alvarez,
american,Andaya,
american,Andrew,
american,Arcovitch,
american,Arem,
american,Arya,
american,Audick,
american,Aye,
american,Babichenko,
american,Baker,
american,Bartolucci,
american,Beahm,
american,Bedi,
american,Bein,
american,Bell,
american,Benitez,
american,Berry,
american,Blizard,
american,Blumel,
american,Boon,
american,Bowling,
american,Boyd,
american,Bracamontes,
american,Brooks,
american,Brown,
american,Buchanan,
american,Buckles,
american,Capen,
american,Casey,
american,Cecot,
american,Centkowski,
american,Chan,
american,Chang,
american,Chen,
american,Chew,
american,Chu,
american,Chyo,
american,Cinquegrano,
american,Clark,
american,Condrey,
american,Conteras,
american,Cournoyer,
american,Curley,
american,Daley,
american,David,
american,Davis,
american,DeBolt,
american,DeMartini,
american,Denny,
american,Deonarine,
american,DeRidder,
american,Desmarais,
american,DiMeo,
american,Dobbie,
american,Dohr,
american,Dolan,
american,Drinkward,
american,Dye,
american,Eady,
american,Evans,
american,Feinberg,
american,Felker,
american,Field,
american,Fong,
american,Ganus,
american,Gavazza,
american,Gavrisheff,
american,Gevorkian,
american,Giesler,
american,Gil,
american,Glasco,
american,Goldsworthy,
american,Griffith,
american,Gu,
american,Guaman,
american,Gunasingam,
american,Hall,
american,Halon,
american,Harmer,
american,Harries,
american,Harris,
american,Haugen,
american,Haworth,
american,Hazelroth,
american,Heath,
american,Hirsh,
american,Holmes,
american,Hook,
american,Hudson,
american,Imai,
american,Jeffries,
american,Johnson,
american,Katz,
american,Keiser,
american,Kelvin,
american,Kinney,
american,Kriegler,
american,Kuhn,
american,Kuo,
american,Kwak,
american,Lai,
american,Lam,
american,Lamperski,
american,Lane,
american,Leal,
american,Lee,
american,Liang,
american,Lie,
american,Lin,
american,Lodato,
american,Longland,
american,Lopez,
american,Lor,
american,Louie,
american,Luo,
american,Luyties,
american,Madrid,
american,Mai,
american,McDonald,
american,McEntyre,
american,McGrath,
american,McGree,
american,McLeran,
american,Mermelstein,
american,Miller,
american,Munson,
american,Myers,
american,Naas,
american,Nacu,
american,Nahashon,
american,Neel,
american,O'Connor,
american,O'Hara,
american,Onur,
american,Pacheco,
american,Pavey,
american,Pavlich,
american,Peacher,
american,Peas,
american,Pelayo,
american,Pennya,
american,Pierce,
american,Pineda,
american,Pitts,
american,Porter,
american,Proudfoot,
american,Reisdorf,
american,Robbins,
american,Rowell,
american,Rubin,
american,Ruiz,
american,Ryu,
american,Sahas,
american,Salud,
american,Sanborn,
american,Sandler,
american,Sarkisyan,
american,Schmill,
american,Schofield,
american,Shande,
american,Sharp,
american,Shellikeri,
american,Shepherd,
american,Sheu,
american,Sidey,
american,Silvers,
american,Simas,
american,Smith,
american,Soucy,
american,Sperry,
american,Staples,
american,Stone,
american,Stoughton,
american,Strickland,
american,Suarez,
american,SullivanLee,
american,Swenson,
american,T,
american,Taehoon,
american,Tang,
american,Turner,
american,Veca,
american,Vitalone,
american,Volker,
american,Vuong,
american,Wapner,
american,Wasilczyk,
american,Webb,
american,West,
american,Whelpley,
american,Whitney,
american,Whitten,
american,Wrede,
american,Wright,
american,Yang,
american,Zaiya,
american,Zipkin,
seal,Angel,
seal,Apex,
seal,Bearcat,
seal,Bishop,
seal,Boomer,
seal,Boxer,
seal,Canine,
seal,Chemist,
seal,Chemo,
seal,Cherub,
seal,Chino,
seal,Coffin,
seal,Coma,
seal,Cyclops,
seal,Cypher,
seal,Doc,
seal,Druid,
seal,Exxon,
seal,Gator,
seal,Hannibal,
seal,Hazard,
seal,Hitman,
seal,Jayhawk,
seal,Jester,
seal,Justice,
seal,Klepto,
seal,Kojak,
seal,Langley,
seal,Neptune,
seal,Mamba,
seal,Midnight,
seal,Neon,
seal,Nomad,
seal,Ogre,
seal,Ozone,
seal,Patron,
seal,Pharaoh,
seal,Pieces,
seal,Poet,
seal,Preacher,
seal,Reaper,
seal,Redcell,
seal,Roadie,
seal,Robot,[BOT]
seal,Rocket,
seal,Rooster,
seal,Sparrow,
seal,Taco,
seal,Thumper,
seal,Trojan,
seal,Twister,
seal,Undertone,
seal,Utah,
seal,Whiskey,
seal,Worm,
seal,Yankee,
seal,Zero,
secretservice,Smith,
secretservice,Jones,
secretservice,Jackson,
secretservice,Johnson,
secretservice,Thompson,
secretservice,Ash,
secretservice,Bird,
secretservice,Finn,
secretservice,Fine,
secretservice,Brown,
secretservice,White,
secretservice,Gray,
secretservice,Black,
secretservice,Wylie,
secretservice,Rosenhaus,
secretservice,Boras,
secretservice,McKinnis,
secretservice,Duffy,
secretservice,Falk,
secretservice,Tellem,
secretservice,Goodwin,
secretservice,Condon,
secretservice,Parker,
secretservice,McGuire,
secretservice,Steinberg,
british,Abbot,[BOT]
british,Adams,
british,Bartlett,
british,Boyd,
british,Boyle,
british,Bremner,
british,Carlyle,
british,Carver,
british,Cheek,
british,Clarke,
british,Collins,
british,Compton,
british,Connolly,
british,Cook,
british,Dowd,
british,Field,
british,Fleming,
british,Fletcher,
british,Flynn,
british,Grant,
british,Greaves,
british,Harris,
british,Harrison,
british,Heath,
british,Henderson,
british,Hopkins,
british,Hoyt,
british,Kent,
british,Lewis,
british,Lipton,
british,Macdonald,
british,Maxwell,
british,McQuarrie,
british,Miller,
british,Mitchell,
british,Moore,
british,Murphy,
british,Murray,
british,Pearce,
british,Plumber,
british,Pritchard,
british,Rankin,
british,Reed,
british,Ritchie,
british,Ross,
british,Roth,
british,Smith,
british,Stevenson,
british,Stuart,
british,Sullivan,
british,Thompson,
british,Veale,
british,Wallace,
british,Wells,
british,Welsh,
russian,SashaIvanov,
russian,AlekseiVyshinskiy,
russian,BorisRyzhkov,
russian,DimaTikhonov,
russian,OlegKosygin,
russian,PyotrBulganin,
russian,PetyaMalenkov,
russian,AlyoshaTarkovsky,
russian,SergeiGrombyo,
russian,ViktorKuznetsov,
russian,MishaPodgorniy,
russian,BoryaMikoyan,
russian,AnatolyVoroshilov,
russian,KolyaShvernik,
russian,NikolaiKalinin,
russian,VladimirBrezhnev,
russian,PavelChernenko,
russian,VolodyaAndropov,
russian,YuriNikitin,
russian,DmitriPetrenko,
russian,VanyaGerasimov,
russian,MikhailZhuravlev,
russian,IvanLukin,
russian,KostyaGolubev,
russian,KonstantinLebedev,
russian,AleksandrVasilev,
russian,YakovGlushenko,
russian,SashaSemenov,
russian,AlekseiUlyanov,
russian,BorisYefremov,
russian,DimaChernyshenko,
russian,OlegStepanoshvili,
russian,PyotrDemchenko,
russian,PetyaAvagimov,
russian,AlyoshaMurzaev,
russian,SergeiShkuratov,
russian,ViktorYakimenko,
russian,MishaMasijashvili,
russian,BoryaShapovalov,
russian,AnatolyIvashenko,
russian,KolyaDovzhenko,
russian,NikolaiTurdyev,
russian,VladimirSabgaida,
russian,PavelSvirin,
russian,VolodyaSarayev,
russian,YuriKiselev,
russian,DmitriBondarenko,
russian,VanyaChernogolov,
russian,MikhailVoronov,
russian,IvanAfanasyev,
russian,KostyaGridin,
russian,KonstantinPetrov,
russian,AleksandrRykov,
russian,YakovShvedov,
arab,Abdulaziz,
arab,Abdullah,
arab,Ali,
arab,Amin,
arab,Bassam,
arab,Fahd,
arab,Faris,
arab,Fouad,
arab,Habib,
arab,Hakem,
arab,Hassan,
arab,Ibrahim,
arab,Imad,
arab,Jabbar,
arab,Kareem,
arab,Khalid,
arab,Malik,
arab,Muhammad,
arab,Nasir,
arab,Omar,
arab,Rafiq,
arab,Rami,
arab,Said,
arab,Salim,
arab,Samir,
arab,Talib,
arab,Tariq,
arab,Youssef,
arab,Ziad,
portuguese,Carlitos,
portuguese,Antonio,
portuguese,Gervasio,
portuguese,Lois,
portuguese,Xesus,
shadowcompany,Lestat,
shadowcompany,Nosferatu,
shadowcompany,Lecter,
multilingual,Kugelschreiber,
multilingual,Flughafen,
french,Astor,
french,Beliveau,
french,Chaloux,
french,Leboeuf,
french,Leblanc,
french,Navarre,
french,Perilloux,
french,Philippe,
french,Taillon,
african,Sulaiman,
african,Camara,
african,Mustapha,
african,Abubakarr,
czech,Andrej,
czech,Anton,
czech,Anton�n,
czech,Arnost,
czech,August�n,
czech,Bartolomej,
czech,Beda,
czech,Bedrich,
czech,Benes,
czech,Blaze,
czech,Bohdan,
czech,Bohuslav,
czech,Bonif�c,
czech,Bozidar,
czech,Branislav,
czech,Cenek,
czech,Ctibor,
czech,Dalek,
czech,Dalibor,
czech,Damek,
czech,Danek,
czech,D�vid,
czech,Dobromil,
czech,Dominik,
czech,Drahoslav,
czech,Dusa,
czech,Edvard,
czech,Eli�s,
czech,Evzen,
czech,Frantisek,
czech,Gabriel,
czech,Georg,
czech,Holic,
czech,Honza,
czech,Ign�c,
czech,Imrich,
czech,Ivan,
czech,Jakub,
czech,Jan,
czech,Jarmil,
czech,Jaroslav,
czech,Jindrich,
czech,Jir�,
czech,Johan,
czech,Josef,
czech,J�lius,
czech,Juraj,
czech,Kamil,
czech,Konstantin,
czech,Kopeck�,
czech,Kornel,
czech,Kristof,
czech,Ladislav,
czech,Leos,
czech,Libor,
czech,Ludv�k,
czech,Luk�s,
czech,Marek,
czech,Matej,
czech,Matous,
czech,Matus,
czech,Michal,
czech,Mikul�s,
czech,Milan,
czech,Milos,
czech,Mirek,
czech,Miroslav,
czech,Nikola,
czech,Oldrich,
czech,Ondrej,
czech,Otakar,
czech,Patrik,
czech,Pavel,
czech,Petr,
czech,Premysl,
czech,Radek,
czech,Radim,
czech,Radoslav,
czech,Rehor,
czech_surnames,Blumel,
czech_surnames,Maly,
czech_surnames,Pospisil,
czech_surnames,Soukup,
czech_surnames,Blazek,
czech_surnames,Dolezal,
czech_surnames,Fiser,
czech_surnames,Kadlec,
czech_surnames,Kolar,
czech_surnames,Kopecky,
czech_surnames,Kriz,
czech_surnames,Mares,
czech_surnames,Masek,
czech_surnames,Polak,
czech_surnames,Sedlacek,
czech_surnames,Stastny,
czech_surnames,Tuma,
czech_surnames,Vanek,
czech_surnames,Blaha,
czech_surnames,Dusek,
czech_surnames,Hruska,
czech_surnames,Janda,
czech_surnames,Kohout,
czech_surnames,Matousek,
czech_surnames,Moravec,
czech_surnames,Mueller,
czech_surnames,Riha,
czech_surnames,Strnad,
czech_surnames,Sykora,
czech_surnames,Simek,
czech_surnames,Smid,
czech_surnames,Stepanek,
czech_surnames,Tichy,
czech_surnames,Vacek,
czech_surnames,Vlcek,
bot,[BOT]Alastor,
bot,[BOT]Watchful Wolf,
bot,[BOT]simon,
bot,[BOT]ToothyJarl,
bot,[BOT]Liam,
bot,[BOT]mjkzy,
bot,[BOT]Mist,
bot,[BOT]CptPrice141,
bot,[BOT]Gaven,
bot,[BOT]EdenFPS,
bot,[BOT]alexbubu7,
bot,[BOT]Jax,
bot,[BOT]QC,
bot,[BOT]Nucleur,
bot,[BOT]Solid_Kris,
bot,[BOT]Roy,
bot,[BOT]Kiull,
bot,[BOT]IReapZz,
bot,[BOT]ONLYUSEmeBlade,
bot,[BOT]xDarknesss,
bot,[BOT]Whiteboy7thst,
bot,[BOT]SoaR Crude,
bot,[BOT]SoaR Mak,
bot,[BOT]KYRSP33DY,
bot,[BOT]SideArms4Reason,
bot,[BOT]Deluxe20,
bot,[BOT]G18,
bot,[BOT]ShadowBeatz,
bot,[BOT]NobodyEpic,
bot,[BOT]LEGIQN,
bot,[BOT]Jahova,
bot,[BOT]Deluxe4,
bot,[BOT]xJawz,
bot,[BOT]OpTic Predator,
bot,[BOT]TheSandyRavage,
bot,[BOT]WoodysGamerTag,
bot,[BOT]FPSRussia,
bot,[BOT]Chris Smoove,
bot,[BOT]Zerkaa,
bot,[BOT]zzirGrizz,
bot,[BOT]xxM3RKxxMUS1Cxx,
bot,[BOT]x ToY SoLDiieR,
bot,[BOT]Pamaj,
bot,[BOT]JewelOG,
bot,[BOT]XxAli-AxX,
bot,[BOT]XxGameDestroyerxX,
bot,[BOT]Youtubable,
bot,[BOT]Small Beans,
bot,[BOT]iIVIatty,
bot,[BOT]iBLaCKOuTz xX,
bot,[BOT]Maximillian dood,
bot,[BOT]x JeV,
bot,[BOT]BrySi,
bot,[BOT]SyndicateProject,
bot,[BOT]TmarTn,
bot,[BOT]Muzzafuzza,
bot,[BOT]SeaNanners,
bot,[BOT]fourzerotwo,
bot,[BOT]Vikstar123,
bot,[BOT]BlameTruth,
bot,[BOT]OperatorPerry,
bot,[BOT]DeadAceFilms,
bot,[BOT]OpTic H3CZ,
bot,[BOT]NaDeSHoT,
bot,[BOT]Fwiz,
bot,[BOT]LegitMeow,
bot,[BOT]FaZe Temperrr,
bot,[BOT]FaZe Fakie,
bot,[BOT]Sprattyyy,
bot,[BOT]Kross,
bot,[BOT]Hans Zimmer,
bot,[BOT]M Mathers,
bot,[BOT]V Zampella,
bot,[BOT]R Bowling,
bot,[BOT]Wings,
bot,[BOT]Yoteslaya,
bot,[BOT]Hutch,
bot,[BOT]BigTymeR,
bot,[BOT]xcalizorz,
bot,[BOT]Willyrex,
bot,[BOT]KSI OlajideBT,
bot,[BOT]tejbz,
bot,[BOT]TeePee,
bot,[BOT]Aches,
bot,[BOT]JKap,
bot,[BOT]Rambo,
bot,[BOT]FLawLesS,
bot,[BOT]Sharp,
bot,[BOT]Clayster,
bot,[BOT]StaiNViLLe,
bot,[BOT]MisterFantasmo,
bot,[BOT]ThatGuyWhoCamps,
bot,[BOT]402THUNDER402,
bot,[BOT]solitude,
bot,[BOT]GoldGlove,
bot,[BOT]Cr1TiKaL,
bot,[BOT]P Griffin,
bot,[BOT]L Castellan,
bot,[BOT]J Halpert,
bot,[BOT]P Beesly,
bot,[BOT]Mutahar,
bot,[BOT]AlphaSniper97,
bot,[BOT]TheMW2Ghost,
bot,[BOT]Skyrroz,
bot,[BOT]xWillyGz,
bot,[BOT]Sass,
bot,[BOT]Handler,
bot,[BOT]yoyo1love,
bot,[BOT]Zomothy,
bot,[BOT]quaK,
bot,[BOT]nurla,
bot,[BOT]mrpsycho,
bot,[BOT]January,
bot,[BOT]mxve,
bot,[BOT]fed,
